날짜,valUSA,valCAN,valGBR,valJPN,valG-7,valDEU,valOECD,valITA,valAUT,valNLD,valBEL,valEA19,valAUS,valOECDE,valFRA,valDNK,valSWE,valZAF,valGRC,valIRL,valESP,valFIN,valPRT,valTUR,valBRA,valKOR,valHUN,valPOL,valCHN,valRUS,valIDN,valIND,valEST,valCZE,valISR,valSVN,valCHL,valISL
2004/2,100.9695,100.7158,100.5432,100.5912,100.5749,100.5798,100.5161,99.57092,100.4183,99.72184,100.5084,99.89217,99.80878,100.1336,99.2823,99.23468,98.80887,99.19266,101.2686,96.1739,99.72434,101.4712,99.48224,102.3069,100.8577,100.3267,100.3067,102.157,101.1891,99.91589,101.7339,99.70883,99.00358,98.72472,100.3253,98.30204,100.0182,98.3184
2004/3,101.0333,100.7596,100.5829,100.6353,100.6206,100.5738,100.556,99.55768,100.486,99.85873,100.6303,99.92717,99.81733,100.1533,99.35507,99.4539,98.97237,99.2899,101.1658,96.39815,99.76352,101.4851,99.58721,101.9309,100.8871,100.3503,100.3241,102.1121,101.0744,99.91119,101.8245,99.79048,98.94649,98.81487,100.611,98.32684,100.4041,98.45599
2004/4,101.0352,100.7409,100.5781,100.6842,100.6306,100.556,100.5622,99.55451,100.5515,99.97681,100.7054,99.95453,99.82422,100.1558,99.42039,99.66354,99.13754,99.37856,100.9949,96.61388,99.79523,101.4978,99.71131,101.5494,100.9128,100.3467,100.3207,101.9794,100.9087,99.86102,101.916,99.85078,98.83551,98.97562,100.7898,98.4469,100.7359,98.55672
2004/5,100.9946,100.6667,100.5439,100.7373,100.6172,100.5278,100.5444,99.57164,100.6021,100.0746,100.7311,99.9764,99.83518,100.1471,99.4894,99.82687,99.29547,99.47868,100.7172,96.82454,99.82407,101.5127,99.8466,101.2415,100.9543,100.3144,100.2669,101.7247,100.7307,99.78875,102.0461,99.8905,98.6217,99.15874,100.8669,98.60257,101.0292,98.6296
2004/6,100.9211,100.5644,100.4985,100.7864,100.5878,100.4911,100.5099,99.62315,100.6134,100.1467,100.7307,99.99606,99.86868,100.139,99.56704,99.96647,99.44273,99.60309,100.3291,97.01735,99.85678,101.5294,99.95118,101.0788,100.9986,100.2699,100.1943,101.3966,100.5976,99.71226,102.2512,99.91224,98.38922,99.31916,100.8709,98.76128,101.3061,98.70827
2004/7,100.8198,100.4505,100.4587,100.8115,100.5441,100.4544,100.4634,99.70146,100.5835,100.187,100.7109,100.0152,99.89964,100.1399,99.65408,100.0935,99.58329,99.75581,99.87675,97.15859,99.90121,101.5124,100.005,101.0882,101.0143,100.224,100.1109,101.065,100.5165,99.6466,102.5413,99.91676,98.28049,99.45495,100.8211,98.90814,101.5614,98.81726
2004/8,100.7057,100.3344,100.4373,100.8035,100.4924,100.4153,100.4115,99.80692,100.5229,100.192,100.6641,100.0335,99.93798,100.1507,99.74212,100.2073,99.69864,99.93565,99.40022,97.24741,99.9584,101.4596,100.0226,101.2489,100.9729,100.1695,100.0468,100.7592,100.475,99.59048,102.8988,99.90433,98.31482,99.56372,100.7223,99.03041,101.7473,98.95911
2004/9,100.6047,100.2322,100.4371,100.7793,100.4461,100.3692,100.3705,99.92278,100.4428,100.1692,100.5818,100.0502,100.005,100.1708,99.82359,100.3198,99.77873,100.1239,98.99545,97.30585,100.03,101.3929,100.0069,101.5233,100.8663,100.1014,99.99278,100.505,100.4477,99.52249,103.2968,99.87588,98.49022,99.67778,100.5945,99.10248,101.8463,99.13198
2004/10,100.5347,100.154,100.4543,100.7399,100.41,100.3065,100.3427,100.0187,100.3412,100.1234,100.4611,100.0556,100.0945,100.1877,99.8868,100.4372,99.8194,100.2933,98.682,97.36617,100.1089,101.3427,99.93693,101.8099,100.6957,100.0182,99.91403,100.3109,100.4044,99.43082,103.656,99.83239,98.78782,99.82012,100.4486,99.14642,101.8561,99.32751
2004/11,100.5045,100.1058,100.4734,100.6949,100.3861,100.2267,100.324,100.0641,100.2267,100.0663,100.2872,100.0426,100.1829,100.1887,99.9272,100.5401,99.82603,100.4226,98.47065,97.47778,100.1807,101.3036,99.80527,102.0163,100.4783,99.93823,99.81047,100.1642,100.3476,99.31476,103.8584,99.77509,99.23252,99.97571,100.3519,99.16381,101.7817,99.55647
2004/12,100.4883,100.083,100.483,100.6512,100.3612,100.1297,100.299,100.0487,100.1136,100.0108,100.0786,100.008,100.2342,100.1669,99.9415,100.6207,99.80602,100.506,98.32157,97.68577,100.2388,101.2446,99.59183,102.1011,100.244,99.88091,99.68872,100.0353,100.2655,99.21259,103.8334,99.70646,99.80045,100.1108,100.319,99.16908,101.6127,99.82096
2005/1,100.4518,100.0638,100.4775,100.6085,100.316,100.0028,100.2531,99.97251,100.0148,99.96732,99.84621,99.94761,100.2261,100.1129,99.92807,100.6824,99.76689,100.5621,98.2162,97.96539,100.2781,101.1313,99.34798,101.9817,100.0147,99.87301,99.55322,99.89191,100.1717,99.16117,103.5518,99.63101,100.4212,100.2003,100.326,99.17062,101.3783,100.1238
2005/2,100.3901,100.0248,100.4497,100.5619,100.2482,99.85073,100.1822,99.85561,99.92629,99.93394,99.6202,99.86884,100.1663,100.0309,99.88844,100.7319,99.71277,100.6094,98.11784,98.27945,100.3024,100.9983,99.14039,101.665,99.80543,99.91618,99.43213,99.73603,100.0979,99.16203,103.0968,99.5535,101.0006,100.2624,100.3309,99.20506,101.1065,100.413
2005/3,100.3166,99.96391,100.4034,100.5238,100.1718,99.70072,100.1007,99.72203,99.84365,99.90684,99.42836,99.78592,100.0763,99.93778,99.83548,100.7731,99.65315,100.6704,98.03557,98.5822,100.3227,100.8666,98.95263,101.2014,99.60617,99.97056,99.37599,99.63064,100.0704,99.2047,102.5517,99.47784,101.5458,100.3091,100.3292,99.27334,100.8446,100.6719
2005/4,100.2639,99.89173,100.342,100.5057,100.1101,99.58876,100.0308,99.57448,99.75818,99.88698,99.27875,99.71607,99.98659,99.85445,99.78763,100.7973,99.60172,100.762,98.02448,98.881,100.3487,100.7901,98.7859,100.6967,99.40524,100.0223,99.39906,99.62944,100.0704,99.28078,102.0229,99.4077,102.026,100.3785,100.3177,99.3776,100.6034,100.8982
2005/5,100.2558,99.82804,100.2833,100.5182,100.0843,99.53741,99.99624,99.44407,99.67658,99.87748,99.1916,99.67559,99.9325,99.80194,99.76328,100.8091,99.57829,100.8821,98.07245,99.16225,100.385,100.7893,98.62384,100.2693,99.2031,100.0984,99.48545,99.73304,100.0868,99.39907,101.5413,99.34564,102.4027,100.4928,100.3053,99.46852,100.4219,101.1065
2005/6,100.2883,99.78076,100.2445,100.5697,100.0998,99.55556,100.0136,99.36557,99.61048,99.89214,99.18312,99.67977,99.91891,99.79888,99.77544,100.8406,99.59099,101.0205,98.19215,99.4569,100.4344,100.8535,98.49328,100.0326,99.0148,100.2278,99.64072,99.90087,100.1205,99.57155,101.0518,99.29346,102.718,100.6399,100.2857,99.52943,100.2938,101.3077
2005/7,100.3344,99.75259,100.2296,100.6575,100.1443,99.64257,100.075,99.35628,99.57402,99.94527,99.24899,99.72996,99.89969,99.84944,99.8153,100.9025,99.62941,101.161,98.3465,99.76522,100.494,100.9397,98.42724,100.0678,98.86262,100.4138,99.84946,100.0724,100.141,99.78205,100.4936,99.25282,102.9855,100.81,100.2632,99.56155,100.2378,101.5068
2005/8,100.3954,99.74966,100.2303,100.7693,100.213,99.78223,100.1704,99.40537,99.57973,100.0409,99.3879,99.8189,99.87886,99.9425,99.87418,100.9984,99.68387,101.296,98.51068,100.1274,100.5593,101.0108,98.45967,100.3168,98.7667,100.6404,100.0837,100.2296,100.1323,100.0085,99.83207,99.22388,103.198,100.9811,100.2605,99.60982,100.2598,101.7
2005/9,100.4894,99.78629,100.2466,100.8981,100.3123,99.97377,100.2932,99.49745,99.62719,100.1792,99.5845,99.94085,99.85937,100.0677,99.94488,101.1085,99.74069,101.413,98.65272,100.5507,100.6248,101.0782,98.58033,100.6764,98.73574,100.8703,100.3136,100.3741,100.082,100.2275,99.09461,99.20634,103.3847,101.1475,100.3087,99.73477,100.3042,101.8911
2005/10,100.6323,99.86579,100.2867,101.0364,100.4466,100.201,100.4397,99.61479,99.71029,100.3501,99.82299,100.086,99.84479,100.2116,100.028,101.233,99.80965,101.5086,98.74375,101.035,100.6884,101.1743,98.75119,101.0202,98.77032,101.0684,100.4973,100.5043,100.0224,100.4429,98.38156,99.20071,103.5815,101.306,100.4163,99.95782,100.3747,102.0825
2005/11,100.8118,99.97557,100.362,101.1632,100.6056,100.4417,100.5962,99.75716,99.82743,100.5363,100.0899,100.2479,99.86438,100.3639,100.1358,101.361,99.90139,101.5924,98.80387,101.5444,100.7495,101.2831,98.93718,101.2268,98.88721,101.1932,100.6421,100.6256,99.9962,100.691,97.86371,99.20856,103.7775,101.4745,100.5556,100.2865,100.4766,102.2853
2005/12,100.9883,100.0917,100.4646,101.2746,100.7666,100.6908,100.7437,99.92146,99.98185,100.7296,100.3717,100.4214,99.89433,100.5172,100.2573,101.4862,100.0388,101.6735,98.88863,102.0717,100.8079,101.3851,99.10932,101.2481,99.08774,101.2193,100.7585,100.727,100.0164,100.993,97.59701,99.23075,103.9226,101.6325,100.7139,100.7202,100.5595,102.4753
2006/1,101.1287,100.1925,100.5772,101.3717,100.9079,100.9293,100.8708,100.0972,100.173,100.9195,100.6597,100.5939,99.91223,100.6603,100.3751,101.5966,100.2251,101.7607,99.02464,102.5671,100.8577,101.4884,99.25725,101.1247,99.32953,101.1425,100.8591,100.791,100.0902,101.342,97.52037,99.2674,103.9061,101.7494,100.8708,101.1806,100.6001,102.5956
2006/2,101.221,100.2513,100.708,101.4481,101.017,101.135,100.9717,100.2692,100.3774,101.0919,100.9267,100.7515,99.90431,100.7868,100.471,101.676,100.4215,101.8587,99.21684,102.994,100.9025,101.6007,99.4171,100.9207,99.57004,100.9871,100.9486,100.8608,100.2216,101.7069,97.55168,99.31756,103.7837,101.821,100.9751,101.5855,100.647,102.612
2006/3,101.2568,100.267,100.8443,101.4982,101.0866,101.2972,101.0429,100.4428,100.5809,101.2435,101.1412,100.8874,99.88703,100.8957,100.535,101.725,100.6131,101.9668,99.41141,103.3082,100.9485,101.7103,99.60683,100.689,99.77794,100.7867,101.0212,100.974,100.402,102.064,97.64478,99.37842,103.6027,101.8376,100.9968,101.9083,100.6637,102.5457
2006/4,101.2339,100.2446,100.978,101.5172,101.115,101.4091,101.08,100.6224,100.7659,101.3723,101.2994,101.0014,99.87363,100.9882,100.5749,101.7356,100.7853,102.0834,99.58124,103.5291,100.9999,101.7839,99.83975,100.4668,99.93212,100.5745,101.0701,101.1363,100.6044,102.3961,97.7443,99.44582,103.4911,101.812,100.9373,102.1851,100.6256,102.4571
2006/5,101.1745,100.1889,101.1021,101.4873,101.109,101.4687,101.0852,100.7897,100.9187,101.4839,101.3876,101.0942,99.85612,101.0649,100.6019,101.7062,100.9217,102.1947,99.76403,103.6989,101.0653,101.8162,100.1184,100.268,100.0272,100.3772,101.1134,101.328,100.7829,102.6723,97.82073,99.51671,103.5066,101.7887,100.8205,102.4686,100.522,102.4027
2006/6,101.1178,100.1285,101.2265,101.4343,101.096,101.4874,101.0803,100.9359,101.0373,101.5988,101.4189,101.1764,99.8703,101.1351,100.6441,101.6233,101.0343,102.3018,99.9752,103.87,101.154,101.8002,100.4169,100.0948,100.0826,100.2336,101.1637,101.5083,100.898,102.8964,97.91495,99.59139,103.6262,101.8163,100.6937,102.783,100.3993,102.4255
2006/7,101.0853,100.0763,101.359,101.3873,101.0954,101.4805,101.086,101.0727,101.128,101.7213,101.4059,101.2578,99.96111,101.208,100.7147,101.5033,101.1358,102.399,100.2006,104.0967,101.2723,101.7366,100.6884,99.97041,100.1378,100.1859,101.2364,101.638,100.9565,103.0718,98.07989,99.67089,103.9931,101.9182,100.5919,103.0822,100.2736,102.5434
2006/8,101.097,100.0462,101.5012,101.3622,101.1234,101.4748,101.1207,101.2077,101.1951,101.852,101.3649,101.3492,100.0949,101.3001,100.8169,101.3867,101.2521,102.4805,100.4465,104.3664,101.4197,101.6782,100.9311,100.0119,100.216,100.2333,101.2969,101.7168,101.0151,103.2008,98.35773,99.75583,104.6206,102.0985,100.568,103.3497,100.2193,102.7628
2006/9,101.1613,100.0475,101.6502,101.3573,101.1849,101.4928,101.1862,101.3318,101.2492,101.9839,101.322,101.4522,100.2537,101.4134,100.9406,101.3005,101.3766,102.5486,100.6783,104.6844,101.5873,101.6523,101.1561,100.2262,100.3424,100.3165,101.3325,101.7757,101.1355,103.3033,98.75551,99.84642,105.3754,102.3603,100.6325,103.6237,100.3069,103.0589
2006/10,101.2574,100.0919,101.7927,101.3674,101.2693,101.546,101.2729,101.4459,101.3008,102.106,101.28,101.5663,100.415,101.5438,101.0781,101.2677,101.5035,102.6021,100.873,105.0721,101.7632,101.6563,101.3583,100.5816,100.5239,100.3854,101.3404,101.8263,101.348,103.4225,99.21758,99.94213,106.2746,102.6807,100.7789,103.9136,100.5575,103.403
2006/11,101.3681,100.1765,101.9201,101.3838,101.3653,101.6313,101.3675,101.5578,101.3596,102.2111,101.233,101.6867,100.5401,101.6829,101.2127,101.2589,101.6129,102.6389,101.0489,105.5391,101.9282,101.7041,101.5412,101.0321,100.7514,100.415,101.3266,101.8855,101.6439,103.5739,99.66881,100.0417,107.271,103.0203,100.9987,104.2023,100.9549,103.7691
2006/12,101.4859,100.2818,102.031,101.403,101.4653,101.7268,101.46,101.6684,101.428,102.302,101.1832,101.805,100.6141,101.8146,101.342,101.2354,101.7079,102.6574,101.2208,106.069,102.065,101.795,101.7124,101.4578,101.0037,100.4233,101.3022,101.941,101.9696,103.7422,99.9958,100.1436,108.1998,103.3237,101.2944,104.4861,101.4534,104.1552
2007/1,101.6003,100.373,102.1234,101.4136,101.5583,101.8191,101.5399,101.7602,101.5005,102.3773,101.1511,101.911,100.6511,101.9233,101.4655,101.1935,101.8135,102.6597,101.3403,106.592,102.1724,101.9006,101.8755,101.744,101.2669,100.4479,101.2797,101.9668,102.2873,103.9083,100.2018,100.2487,108.8125,103.5427,101.6209,104.757,101.9346,104.5639
2007/2,101.7124,100.4465,102.2004,101.4061,101.6435,101.9054,101.6094,101.8516,101.5685,102.4375,101.1473,102.0031,100.6624,102.0013,101.5687,101.1493,101.9399,102.6537,101.3647,107.0586,102.2572,102.0168,102.0236,101.7977,101.5458,100.521,101.2543,101.937,102.5851,104.079,100.3441,100.3581,109.1414,103.6386,101.9211,104.9584,102.3112,104.9798
2007/3,101.8268,100.5038,102.2534,101.3555,101.7187,101.9873,101.6691,101.9385,101.6132,102.4755,101.1768,102.0812,100.6439,102.0519,101.6515,101.1153,102.0681,102.6344,101.3298,107.4581,102.3253,102.1184,102.1612,101.7144,101.831,100.6445,101.2388,101.829,102.8718,104.2449,100.4742,100.4721,109.1542,103.6069,102.1394,105.0116,102.5713,105.3768
2007/4,101.9355,100.5448,102.2672,101.2538,101.7757,102.055,101.7196,101.9992,101.6318,102.4898,101.2402,102.1439,100.6511,102.0822,101.7235,101.0973,102.1792,102.5964,101.3105,107.7972,102.3796,102.2074,102.2928,101.6313,102.1118,100.8246,101.2513,101.6386,103.1163,104.3904,100.6223,100.5906,109.0493,103.5015,102.2658,104.9127,102.704,105.743
2007/5,102.0186,100.5627,102.2337,101.0993,101.8022,102.0998,101.7561,102.0225,101.6253,102.4792,101.3172,102.1869,100.6634,102.0999,101.7836,101.1225,102.2286,102.5308,101.3374,108.0619,102.4273,102.2473,102.4061,101.6795,102.3601,101.035,101.2968,101.4091,103.2769,104.5059,100.7596,100.7109,108.9698,103.3892,102.371,104.7168,102.7032,106.1031
2007/6,102.059,100.5568,102.1432,100.9049,101.7871,102.0996,101.7668,101.999,101.5853,102.4401,101.368,102.1961,100.6595,102.1041,101.8211,101.2008,102.191,102.4352,101.3904,108.2186,102.4644,102.1981,102.4978,101.9991,102.5675,101.2357,101.3437,101.1673,103.3327,104.5958,100.8609,100.8254,108.7719,103.2864,102.4802,104.4232,102.5758,106.4695
2007/7,102.0421,100.5281,101.9987,100.7026,101.7266,102.0441,101.7454,101.9328,101.5041,102.3763,101.3593,102.1635,100.647,102.0871,101.8228,101.3043,102.07,102.3153,101.4703,108.2501,102.481,102.0379,102.5691,102.5427,102.7336,101.376,101.366,100.9433,103.2866,104.6519,100.9129,100.9261,108.3009,103.1869,102.6332,103.9951,102.348,106.8461
2007/8,101.9647,100.4774,101.8114,100.5309,101.6283,101.9529,101.6882,101.8449,101.3846,102.2882,101.2862,102.0937,100.6396,102.0431,101.7756,101.4039,101.8869,102.1697,101.5555,108.1357,102.4677,101.7758,102.6105,103.1537,102.8589,101.403,101.3535,100.7574,103.165,104.6648,100.919,101.0045,107.5061,103.0612,102.8311,103.4273,102.0818,107.1829
2007/9,101.8556,100.4088,101.5924,100.4259,101.5168,101.8502,101.6059,101.7531,101.2404,102.1869,101.1729,101.9997,100.7027,101.978,101.6867,101.4789,101.68,101.9987,101.6451,107.866,102.4178,101.44,102.6306,103.7708,102.9591,101.3023,101.3328,100.5966,102.9538,104.6408,100.8938,101.0512,106.4783,102.9016,103.0534,102.7266,101.8109,107.4533
2007/10,101.7347,100.3218,101.3317,100.3981,101.4048,101.7534,101.5093,101.6607,101.0855,102.0915,101.0374,101.8902,100.7788,101.8906,101.5602,101.5168,101.4672,101.7966,101.7409,107.4388,102.3208,101.061,102.6257,104.3044,103.0248,101.0589,101.3585,100.4505,102.6472,104.5659,100.8232,101.0578,105.4157,102.7142,103.2641,101.9549,101.5139,107.634
2007/11,101.6059,100.2247,101.0185,100.4313,101.29,101.655,101.3987,101.5596,100.9243,102.0011,100.9084,101.7633,100.785,101.7737,101.3949,101.5115,101.2395,101.5551,101.8596,106.8465,102.1667,100.6656,102.5948,104.6814,103.0461,100.6818,101.4579,100.3066,102.2688,104.421,100.692,101.0169,104.423,102.5092,103.4028,101.2168,101.2009,107.6668
2007/12,101.4767,100.1308,100.6619,100.5003,101.1746,101.5488,101.278,101.4627,100.7594,101.9135,100.8046,101.6231,100.7082,101.6256,101.2011,101.4566,100.9958,101.2902,101.9732,106.1984,101.9482,100.2737,102.534,104.8334,103.0291,100.2063,101.6086,100.1541,101.8449,104.1993,100.4767,100.927,103.6088,102.3046,103.4261,100.5526,100.8863,107.5123
2008/1,101.3403,100.0614,100.2556,100.5769,101.0526,101.4277,101.139,101.4006,100.5945,101.8238,100.7178,101.4713,100.5435,101.4423,100.9754,101.3543,100.7359,101.0276,102.02,105.5619,101.6651,99.88946,102.4435,104.7006,102.9895,99.67815,101.7416,99.99535,101.3713,103.92,100.17,100.7906,103.0339,102.098,103.3373,100.0153,100.5529,107.1896
2008/2,101.1835,100.0104,99.79018,100.6476,100.9124,101.2764,100.9629,101.347,100.4272,101.7202,100.6308,101.2981,100.3747,101.2118,100.7314,101.2026,100.471,100.7844,101.9783,104.8702,101.3228,99.52119,102.3402,104.2366,102.945,99.14266,101.7874,99.80997,100.8265,103.614,99.75662,100.6155,102.5675,101.8792,103.1654,99.63874,100.136,106.732
2008/3,101.0091,99.95425,99.26423,100.6956,100.747,101.0691,100.747,101.2771,100.2515,101.597,100.5255,101.0903,100.2623,100.9221,100.4679,101.0075,100.1939,100.5511,101.8727,104.1413,100.9229,99.16318,102.2371,103.4197,102.8778,98.6321,101.708,99.58285,100.2197,103.2651,99.21844,100.4127,101.9954,101.6355,102.9409,99.35059,99.61715,106.1536
2008/4,100.7996,99.87188,98.65099,100.7064,100.5393,100.7808,100.4856,101.1738,100.0537,101.4442,100.3823,100.8348,100.2625,100.5682,100.1854,100.7672,99.86507,100.2876,101.6763,103.3826,100.4718,98.79408,102.1122,102.3752,102.7547,98.15929,101.5173,99.32191,99.51527,102.8102,98.6155,100.1961,101.3003,101.3419,102.6775,99.12179,99.03272,105.4742
2008/5,100.5272,99.7302,97.96764,100.6387,100.2643,100.395,100.1622,100.9981,99.82091,101.2433,100.1995,100.5177,100.2682,100.1436,99.87648,100.4595,99.45465,99.96244,101.4019,102.586,99.98366,98.38155,101.9243,101.138,102.5158,97.72566,101.208,99.04559,98.69411,102.1437,98.02665,99.97739,100.4725,100.9493,102.3623,98.9322,98.37833,104.7135
2008/6,100.1525,99.49465,97.25359,100.4629,99.89651,99.88239,99.75918,100.7349,99.53812,100.9572,99.9528,100.1289,100.1873,99.6426,99.54523,100.0692,98.96732,99.56823,101.0904,101.788,99.48444,97.91682,101.6081,99.66913,102.0859,97.33326,100.777,98.78557,97.76928,101.1473,97.50977,99.77113,99.53021,100.444,101.9721,98.76148,97.59747,103.8592
2008/7,99.64721,99.14603,96.57395,100.1661,99.42367,99.23593,99.26278,100.3772,99.20554,100.5551,99.63541,99.66852,100.0566,99.07089,99.1997,99.60397,98.42789,99.11052,100.7561,101.0032,99.00789,97.4256,101.1251,97.91452,101.3096,97.01207,100.2341,98.55503,96.7925,99.79202,97.11839,99.59235,98.45192,99.82705,101.4047,98.62592,96.6829,102.8997
2008/8,98.99487,98.67522,95.99027,99.75381,98.84373,98.46366,98.67046,99.92197,98.8367,100.0267,99.24091,99.14076,99.92373,98.44048,98.84223,99.07249,97.86483,98.6161,100.4767,100.1551,98.57413,96.96086,100.4439,95.86702,100.3507,96.76885,99.57735,98.38573,95.82888,98.17082,96.84351,99.45256,97.16808,99.09815,100.6008,98.43653,95.71642,101.8747
2008/9,98.20346,98.10378,95.53144,99.23876,98.16815,97.585,97.9949,99.38229,98.453,99.37488,98.75158,98.55182,99.70836,97.76576,98.46838,98.5231,97.2934,98.11851,100.2716,99.19376,98.18533,96.56604,99.56035,93.58262,99.23525,96.60227,98.8334,98.29692,94.98076,96.47042,96.62524,99.36046,95.60332,98.24301,99.59455,98.0888,94.78349,100.8092
2008/10,97.3324,97.49648,95.22947,98.64924,97.4438,96.66189,97.28782,98.7769,98.0764,98.64243,98.19299,97.92975,99.35332,97.0948,98.09097,97.99033,96.73315,97.64801,100.0808,98.16988,97.84468,96.27457,98.54173,91.38177,98.07093,96.54926,98.03399,98.29251,94.33291,94.88885,96.47816,99.32021,93.86244,97.27234,98.46057,97.52132,93.99768,99.76434
2008/11,96.49701,96.94368,95.11153,98.03609,96.75849,95.80021,96.64407,98.17277,97.74712,97.90618,97.62219,97.33753,98.9603,96.51092,97.74868,97.51598,96.22506,97.23908,99.83979,97.16986,97.56513,96.13095,97.53644,89.75896,97.0582,96.68741,97.24191,98.35136,93.95531,93.57746,96.45028,99.33475,92.15678,96.25785,97.32551,96.75736,93.52032,98.81449
2008/12,95.79357,96.52499,95.16928,97.46423,96.1917,95.10988,96.14511,97.66486,97.50517,97.24546,97.12862,96.84728,98.62175,96.08984,97.47303,97.14285,95.8048,96.9145,99.5623,96.30624,97.35414,96.15215,96.67857,89.0634,96.36385,97.06841,96.56191,98.44998,93.88017,92.59397,96.56119,99.40337,90.81963,95.30597,96.33597,95.92606,93.38178,98.00184
2009/1,95.28381,96.30779,95.36163,96.99622,95.79723,94.67388,95.83697,97.30799,97.35667,96.74252,96.79124,96.51442,98.36179,95.86991,97.29536,96.90699,95.5037,96.69317,99.30051,95.67802,97.22232,96.33228,96.04838,89.32098,96.06377,97.69253,96.10223,98.56041,94.12109,91.93673,96.78072,99.52233,89.99049,94.54007,95.58878,95.15681,93.55762,97.30839
2009/2,95.00239,96.30906,95.68801,96.68256,95.60474,94.514,95.74329,97.11157,97.29733,96.43146,96.63226,96.35745,98.16035,95.86009,97.2228,96.83265,95.33391,96.58699,99.14537,95.27477,97.1825,96.65633,95.69086,90.40333,96.14987,98.50063,95.92125,98.65553,94.65831,91.57578,97.12183,99.68656,89.63997,94.07999,95.18733,94.50336,93.99172,96.71802
2009/3,94.97182,96.52462,96.15378,96.58109,95.63493,94.63461,95.87044,97.08289,97.33939,96.32668,96.66657,96.38944,98.06722,96.05396,97.27146,96.94049,95.30225,96.58773,99.15739,95.05796,97.25227,97.10466,95.63158,92.08235,96.55744,99.35902,96.01955,98.71297,95.38364,91.48235,97.60422,99.88921,89.65952,93.97329,95.10387,94.05236,94.66175,96.24384
2009/4,95.18163,96.92993,96.75321,96.6776,95.87675,95.01585,96.19593,97.22437,97.49506,96.41558,96.88126,96.604,98.12524,96.42326,97.43557,97.207,95.415,96.67897,99.34731,95.01835,97.42716,97.66784,95.85757,94.02802,97.19112,100.1827,96.34082,98.73199,96.22275,91.61576,98.18738,100.1221,90.02565,94.17497,95.27368,93.92078,95.54407,95.89558
2009/5,95.56139,97.46398,97.45445,96.92445,96.27522,95.61147,96.65504,97.51076,97.75919,96.65939,97.24235,96.96869,98.26695,96.91575,97.68441,97.58255,95.67484,96.84097,99.67696,95.09756,97.69057,98.31664,96.35224,95.87842,97.92332,100.8992,96.82122,98.73622,97.12459,91.92807,98.79641,100.3741,90.62692,94.59509,95.61205,94.13921,96.5836,95.6667
2009/6,96.04197,98.07716,98.2377,97.26235,96.77163,96.35116,97.18729,97.89894,98.10628,97.01267,97.69724,97.43411,98.47995,97.47359,97.98484,98.0026,96.05395,97.04993,100.089,95.2104,98.01549,99.01837,97.03001,97.37204,98.66246,101.5059,97.37326,98.74759,98.04691,92.35993,99.36185,100.6349,91.31277,95.15932,96.08638,94.64523,97.658,95.54119
2009/7,96.56395,98.7165,99.06998,97.63467,97.31016,97.15342,97.74029,98.32206,98.49598,97.4425,98.19054,97.94912,98.76788,98.05008,98.32665,98.40855,96.51418,97.28513,100.5219,95.27962,98.37717,99.74944,97.82942,98.44418,99.34875,102.0137,97.92612,98.78294,98.91515,92.86701,99.83051,100.8956,91.97479,95.82207,96.65861,95.31581,98.66153,95.47168
2009/8,97.08849,99.32223,99.89055,98.00162,97.84614,97.93548,98.27466,98.73949,98.8893,97.91878,98.68411,98.46843,99.1406,98.60893,98.69388,98.75656,96.98869,97.53526,100.9306,95.27809,98.75647,100.4633,98.67097,99.20013,99.95351,102.4117,98.43662,98.85667,99.64888,93.42558,100.1504,101.1482,92.68108,96.50843,97.26071,96.05409,99.54471,95.41752
2009/9,97.58825,99.85037,100.6398,98.35326,98.34985,98.63165,98.76208,99.14814,99.25441,98.39747,99.16959,98.9593,99.50589,99.12668,99.06844,99.04745,97.473,97.79436,101.2825,95.22867,99.13643,101.135,99.45934,99.77935,100.453,102.6803,98.87909,98.96781,100.2283,94.01736,100.3233,101.3865,93.44461,97.14899,97.85043,96.81066,100.1863,95.38354
2009/10,98.04845,100.2834,101.2598,98.67318,98.79832,99.21391,99.18068,99.52019,99.57626,98.84792,99.64251,99.39159,99.811,99.57857,99.40632,99.30721,97.96468,98.05912,101.5457,95.19281,99.49248,101.7202,100.1286,100.2464,100.8359,102.812,99.24148,99.11581,100.6618,94.63133,100.3915,101.605,94.22108,97.71555,98.4311,97.54387,100.542,95.38544
2009/11,98.46777,100.6305,101.7087,98.96471,99.18465,99.68644,99.53004,99.83425,99.85066,99.26527,100.0698,99.74978,100.054,99.95057,99.66924,99.56456,98.4592,98.32293,101.6617,95.24519,99.80313,102.2039,100.6707,100.6359,101.1106,102.8306,99.52702,99.30259,100.9611,95.25218,100.38,101.7988,95.04874,98.1975,98.98009,98.22986,100.6439,95.41856
2009/12,98.85276,100.9134,101.9927,99.22829,99.51288,100.0686,99.8205,100.0755,100.0845,99.63848,100.424,100.0295,100.2716,100.2399,99.83493,99.84084,98.94445,98.57907,101.5807,95.4577,100.0549,102.5965,101.0959,100.9503,101.2946,102.7575,99.75117,99.51141,101.1017,95.86894,100.3452,101.9643,95.99062,98.59283,99.46644,98.85734,100.6372,95.47188
2010/1,99.18627,101.1335,102.1366,99.45766,99.78089,100.396,100.0535,100.247,100.2916,99.96314,100.7114,100.2424,100.4595,100.4562,99.91793,100.1231,99.40862,98.81882,101.2894,95.86446,100.2348,102.8915,101.3941,101.1686,101.4016,102.6159,99.91648,99.73762,101.0928,96.47778,100.318,102.0996,96.99464,98.91986,99.87003,99.41843,100.6362,95.52908
2010/2,99.43752,101.2825,102.1717,99.64539,99.98097,100.6985,100.2281,100.3569,100.4741,100.244,100.9376,100.4032,100.5912,100.6109,99.93669,100.3921,99.85622,99.02186,100.8551,96.42733,100.3367,103.1026,101.5746,101.2551,101.4443,102.4386,100.0526,99.95312,100.9734,97.07408,100.3187,102.2042,97.94431,99.19968,100.1348,99.91145,100.714,95.59918
2010/3,99.61073,101.359,102.1208,99.79498,100.1214,100.9882,100.3521,100.4261,100.6375,100.4883,101.1161,100.5293,100.7153,100.723,99.92577,100.6338,100.2686,99.17786,100.3519,97.06887,100.3696,103.2291,101.6706,101.2771,101.4316,102.2533,100.1794,100.1419,100.8041,97.65849,100.3217,102.2796,98.73752,99.48235,100.2399,100.3228,100.9037,95.69543
2010/4,99.6881,101.3517,102.0017,99.89903,100.1958,101.2533,100.418,100.4815,100.7903,100.6877,101.2269,100.6288,100.7785,100.801,99.91206,100.8086,100.6383,99.28514,99.80816,97.7206,100.3496,103.2809,101.6933,101.2529,101.3774,102.0688,100.3017,100.2896,100.5914,98.21603,100.2935,102.3286,99.43069,99.77145,100.1975,100.6609,101.31,95.82516
2010/5,99.67529,101.2711,101.8392,99.95558,100.2112,101.4823,100.4354,100.5369,100.9354,100.841,101.261,100.7114,100.7482,100.8571,99.92941,100.9049,100.976,99.35001,99.29897,98.32344,100.2916,103.2757,101.6677,101.2147,101.3199,101.8826,100.4319,100.3956,100.356,98.74317,100.2437,102.3521,100.0709,100.0647,100.1034,100.9237,101.8242,96.01096
2010/6,99.61185,101.1397,101.6672,99.97914,100.1984,101.6971,100.4292,100.6145,101.0834,100.9642,101.2651,100.8027,100.7086,100.9185,100.0035,100.9449,101.2636,99.39121,98.9088,98.84683,100.219,103.2609,101.6453,101.24,101.2975,101.6873,100.5764,100.4615,100.1548,99.26341,100.2097,102.3538,100.7432,100.3613,100.0121,101.1398,102.3827,96.22526
2010/7,99.55516,101.0061,101.5074,99.98456,100.1957,101.92,100.4304,100.7243,101.2267,101.0828,101.2889,100.9228,100.6719,101.0029,100.1502,100.9524,101.4947,99.43623,98.68491,99.26949,100.1579,103.265,101.6657,101.3445,101.3304,101.4757,100.7432,100.4921,100.0418,99.79055,100.2068,102.3359,101.472,100.6417,99.97024,101.3113,102.8763,96.40457
2010/8,99.55324,100.9147,101.3748,99.98586,100.2308,102.1442,100.4621,100.877,101.3701,101.2144,101.3513,101.0749,100.6583,101.1138,100.3591,100.937,101.6692,99.50537,98.63634,99.62817,100.1309,103.2948,101.7266,101.5214,101.4214,101.2605,100.9329,100.477,100.0255,100.3258,100.2219,102.2996,102.1257,100.9122,100.0165,101.4762,103.2431,96.53102
2010/9,99.61998,100.8869,101.2674,99.98825,100.3092,102.3606,100.5266,101.0627,101.5225,101.3682,101.4544,101.2489,100.6623,101.2401,100.6111,100.9295,101.8002,99.61018,98.71421,99.88689,100.1351,103.3396,101.8211,101.6859,101.5496,101.0592,101.1452,100.4219,100.0878,100.8692,100.2635,102.2451,102.6418,101.1667,100.1413,101.6553,103.4318,96.63079
2010/10,99.74357,100.9178,101.1694,100.0103,100.4221,102.5602,100.6143,101.2656,101.6883,101.5354,101.6098,101.4292,100.6715,101.3688,100.8775,100.9175,101.8767,99.75565,98.86235,100.0484,100.152,103.3976,101.9301,101.8293,101.6776,100.9035,101.3863,100.3507,100.2029,101.4128,100.3339,102.1735,102.9133,101.3832,100.3063,101.8502,103.4735,96.72765
2010/11,99.91589,100.9835,101.0644,100.0641,100.5595,102.7255,100.7165,101.4637,101.8506,101.6987,101.7916,101.5934,100.6723,101.4832,101.1293,100.9121,101.9063,99.91899,98.97521,100.1286,100.1684,103.437,102.0437,101.9647,101.7725,100.8201,101.6425,100.2683,100.3232,101.9385,100.4069,102.0847,102.9312,101.5391,100.4856,102.0471,103.4126,96.8222
2010/12,100.0992,101.0539,100.9417,100.13,100.6913,102.833,100.8123,101.6342,101.9862,101.847,101.9613,101.7184,100.6673,101.566,101.333,100.9199,101.887,100.0696,99.02353,100.1432,100.1769,103.4143,102.1209,102.106,101.821,100.802,101.8677,100.1779,100.4172,102.4271,100.4715,101.9792,102.8548,101.6213,100.652,102.1893,103.2611,96.92516
2011/1,100.2511,101.0872,100.7945,100.1825,100.7849,102.8641,100.8773,101.7462,102.0603,101.967,102.0647,101.7845,100.6372,101.5972,101.4638,100.9227,101.8294,100.1794,98.98921,100.1775,100.1782,103.3112,102.1046,102.2076,101.8217,100.8189,102.0087,100.072,100.4952,102.8536,100.5249,101.8576,102.7645,101.6023,100.7979,102.1988,103.0046,97.03076
2011/2,100.3357,101.038,100.6244,100.1959,100.8129,102.8037,100.8836,101.7924,102.0491,102.0352,102.0721,101.7763,100.5706,101.5544,101.4945,100.903,101.7184,100.2217,98.85101,100.2033,100.1675,103.1087,101.9882,102.0927,101.7803,100.7986,102.0196,99.98201,100.5655,103.1979,100.5567,101.7217,102.7851,101.4856,100.9113,102.0686,102.661,97.14612
2011/3,100.3218,100.8964,100.4229,100.1754,100.7592,102.6444,100.818,101.77,101.9442,102.018,101.9625,101.6883,100.452,101.4439,101.4299,100.8506,101.5581,100.181,98.613,100.1736,100.1396,102.8047,101.7822,101.9215,101.7021,100.6922,101.9054,99.91002,100.6233,103.4385,100.586,101.5734,102.9205,101.3025,100.993,101.8291,102.2868,97.30162
2011/4,100.2096,100.6849,100.193,100.1348,100.6296,102.3888,100.6849,101.6754,101.7552,101.8868,101.7561,101.5281,100.2998,101.2706,101.3025,100.7564,101.3511,100.0749,98.32695,100.0759,100.0982,102.391,101.5095,101.7012,101.5711,100.5026,101.6913,99.83571,100.6379,103.556,100.6486,101.415,103.1565,101.0871,101.0438,101.5034,101.8749,97.5147
2011/5,100.0085,100.4319,99.93369,100.0793,100.4368,102.0525,100.4923,101.5247,101.4934,101.6441,101.4777,101.3134,100.0935,101.0484,101.1575,100.6072,101.0838,99.93666,98.05978,99.87002,100.0463,101.8631,101.153,101.462,101.3805,100.2406,101.3873,99.75727,100.6103,103.5572,100.7414,101.2468,103.4647,100.8576,101.0588,101.1288,101.4204,97.75008
2011/6,99.7406,100.1839,99.63011,100.0304,100.1984,101.6488,100.2606,101.324,101.1876,101.3233,101.1447,101.0552,99.88179,100.7894,101.0064,100.4047,100.7565,99.80679,97.83747,99.56808,99.98006,101.2447,100.703,101.2535,101.1406,99.92999,101.0454,99.67763,100.5382,103.4811,100.8621,101.0715,103.7747,100.6238,101.0422,100.7721,100.9823,97.96981
2011/7,99.45499,99.96597,99.29379,99.98551,99.94239,101.2037,100.0163,101.0738,100.8594,100.9693,100.7934,100.7666,99.70039,100.5109,100.8452,100.157,100.3948,99.71803,97.64872,99.17484,99.9002,100.5896,100.2154,101.1188,100.8799,99.60065,100.7202,99.62504,100.4151,103.3657,100.9808,100.8918,104.0262,100.3853,100.9872,100.4754,100.626,98.16347
2011/8,99.21822,99.78944,98.9452,99.9285,99.706,100.7652,99.78894,100.7832,100.5403,100.6211,100.4589,100.4686,99.53045,100.2354,100.6649,99.90059,100.0395,99.69276,97.4198,98.79217,99.81754,99.97211,99.73041,101.0663,100.6469,99.265,100.4563,99.6217,100.2369,103.2428,101.0704,100.7106,104.1754,100.1373,100.8977,100.2809,100.4259,98.32246
2011/9,99.10038,99.66619,98.61922,99.87243,99.53822,100.3955,99.61957,100.4751,100.2794,100.3224,100.1696,100.1984,99.40883,99.99374,100.4873,99.66381,99.71353,99.74208,97.15479,98.53332,99.74921,99.47803,99.27865,101.0771,100.489,98.95026,100.2843,99.67276,100.0272,103.1447,101.1617,100.5316,104.1829,99.88693,100.8153,100.2099,100.3494,98.45337
2011/10,99.12744,99.58945,98.34147,99.84803,99.46593,100.134,99.53246,100.193,100.1194,100.0916,99.93273,99.98345,99.35778,99.80321,100.3262,99.48435,99.44699,99.84505,96.90961,98.44501,99.69211,99.15862,98.87124,101.0618,100.4269,98.67966,100.2255,99.75938,99.8242,103.0595,101.2248,100.3577,104.0135,99.66105,100.7558,100.2387,100.3525,98.56865
2011/11,99.27719,99.55633,98.12543,99.84454,99.47919,99.98491,99.52062,99.95193,100.0728,99.92793,99.74546,99.82785,99.3416,99.66825,100.1848,99.3838,99.25714,99.97038,96.76268,98.50182,99.62972,99.01593,98.47684,101.0382,100.4503,98.48158,100.2603,99.86147,99.66686,102.9599,101.2346,100.1908,103.6245,99.44816,100.7408,100.3227,100.3837,98.67369
2011/12,99.49392,99.55157,97.97855,99.85316,99.54644,99.93454,99.55829,99.72438,100.1168,99.82514,99.61396,99.71906,99.3387,99.57673,100.0686,99.35138,99.14088,100.0891,96.67822,98.67142,99.53677,99.00485,98.13047,100.988,100.5351,98.39146,100.3337,99.93451,99.56448,102.8214,101.1748,100.032,103.0027,99.26908,100.7668,100.377,100.4167,98.77292
2012/1,99.70619,99.56054,97.8994,99.86952,99.62492,99.92804,99.61028,99.4953,100.1996,99.75839,99.54901,99.63312,99.35836,99.50792,99.98253,99.34528,99.09908,100.1774,96.62976,98.88021,99.39922,99.07182,97.83617,100.941,100.6397,98.41022,100.3792,99.90954,99.5285,102.6271,101.0356,99.8824,102.1192,99.11931,100.8274,100.3041,100.4268,98.88438
2012/2,99.85654,99.56258,97.86827,99.8783,99.67657,99.91801,99.64335,99.27338,100.2735,99.70518,99.5493,99.55096,99.41268,99.4468,99.91492,99.3371,99.11996,100.2242,96.5837,99.06607,99.2145,99.1604,97.59575,100.9243,100.7255,98.50433,100.3476,99.8083,99.55177,102.3559,100.82,99.74173,101.1256,98.96929,100.8808,100.0656,100.3934,99.01443
2012/3,99.92274,99.54625,97.87598,99.87516,99.68222,99.86193,99.63883,99.04708,100.3028,99.64377,99.56911,99.44872,99.49566,99.36963,99.84712,99.30718,99.18659,100.2238,96.56367,99.19538,98.98485,99.21622,97.41092,100.8549,100.7669,98.6219,100.2422,99.66768,99.58791,101.9864,100.613,99.60953,100.258,98.77389,100.8937,99.68158,100.3022,99.15405
2012/4,99.90698,99.50201,97.92024,99.84744,99.63662,99.73597,99.59171,98.80989,100.2701,99.56611,99.55708,99.3159,99.61652,99.26724,99.76708,99.2764,99.24843,100.1919,96.60315,99.2668,98.72532,99.21124,97.30395,100.6864,100.7571,98.7312,100.0978,99.53317,99.62585,101.5344,100.476,99.48641,99.67009,98.53883,100.8091,99.23711,100.1471,99.29479
2012/5,99.82957,99.43649,98.01128,99.78677,99.55227,99.5444,99.5107,98.59342,100.173,99.47599,99.51861,99.16128,99.73517,99.15438,99.67678,99.24613,99.2681,100.1528,96.66148,99.29817,98.45611,99.14459,97.25312,100.5022,100.7135,98.80637,99.96997,99.41313,99.67686,101.0548,100.4354,99.3728,99.45181,98.3028,100.602,98.80179,99.95772,99.4126
2012/6,99.72777,99.36231,98.15991,99.70588,99.45376,99.30831,99.41315,98.41623,100.027,99.39383,99.46596,98.99638,99.8376,99.04356,99.57248,99.23007,99.23331,100.1251,96.70496,99.30453,98.1881,99.03835,97.24603,100.3233,100.6731,98.84423,99.90573,99.29733,99.73267,100.628,100.4743,99.26887,99.56723,98.10767,100.3073,98.39066,99.77178,99.51591
2012/7,99.64825,99.29758,98.35756,99.61992,99.37156,99.07159,99.32319,98.28179,99.86722,99.33165,99.39404,98.83806,99.9391,98.9463,99.45918,99.2319,99.15267,100.117,96.71821,99.32732,97.92962,98.92677,97.25542,100.1726,100.6605,98.85085,99.91847,99.18075,99.79626,100.2951,100.5725,99.17428,99.8277,97.94582,99.99592,98.02112,99.62735,99.60968
2012/8,99.61511,99.25452,98.57616,99.53699,99.32182,98.87871,99.26019,98.18202,99.72069,99.28301,99.3024,98.70226,100.0286,98.86811,99.34397,99.23895,99.04332,100.131,96.67679,99.38712,97.70784,98.84779,97.26479,100.027,100.6735,98.85717,99.99684,99.07851,99.86435,100.0499,100.7151,99.08857,100.0602,97.8138,99.72018,97.70404,99.58026,99.68985
2012/9,99.63999,99.23558,98.80055,99.46261,99.31359,98.76236,99.23484,98.1107,99.60727,99.24226,99.19902,98.60323,100.0739,98.81747,99.23327,99.25381,98.91441,100.1585,96.60661,99.44316,97.55489,98.81786,97.26553,99.90565,100.6926,98.88159,100.1209,99.00333,99.94269,99.86589,100.9103,99.01045,100.2396,97.70696,99.50748,97.45782,99.62284,99.75198
2012/10,99.69924,99.23475,99.01321,99.40764,99.33862,98.74029,99.24532,98.07668,99.53918,99.20586,99.0916,98.55328,100.0683,98.80138,99.13821,99.26741,98.77663,100.1945,96.57715,99.46177,97.47422,98.83072,97.31783,99.81424,100.6907,98.92072,100.2595,98.97234,100.051,99.72107,101.1197,98.93822,100.2564,97.63096,99.3706,97.33622,99.73727,99.77864
2012/11,99.77471,99.2588,99.20665,99.39719,99.39214,98.81446,99.29285,98.08089,99.51816,99.1774,99.00555,98.5574,100.0152,98.82693,99.06521,99.27352,98.6581,100.2336,96.68501,99.41974,97.45597,98.87434,97.46418,99.79572,100.6568,98.97523,100.3583,98.99845,100.1915,99.60941,101.3041,98.87041,100.1458,97.6008,99.3418,97.35564,99.87022,99.76856
2012/12,99.86761,99.30585,99.38245,99.45491,99.47404,98.9564,99.37344,98.1218,99.54333,99.16537,98.95118,98.60546,99.96863,98.88763,99.00145,99.24975,98.60269,100.2725,96.96881,99.31615,97.49368,98.94371,97.70132,99.87571,100.5853,99.05333,100.3698,99.04919,100.3479,99.52367,101.4305,98.80611,99.90216,97.58521,99.41341,97.48548,100.0066,99.7293
2013/1,99.97789,99.36578,99.56186,99.57803,99.57967,99.13128,99.47516,98.18968,99.59425,99.16961,98.93778,98.67986,99.9295,98.97472,98.93356,99.20909,98.60649,100.3128,97.37254,99.16447,97.58164,99.0314,97.98129,100.0732,100.4731,99.14944,100.2682,99.1077,100.5007,99.44569,101.512,98.74484,99.5026,97.57012,99.53465,97.67804,100.1398,99.65843
2013/2,100.0949,99.4173,99.74897,99.77053,99.69971,99.30456,99.5872,98.27694,99.64613,99.18913,98.95921,98.7626,99.8994,99.07367,98.86271,99.1745,98.65359,100.3457,97.79294,99.0578,97.69985,99.1291,98.24669,100.3535,100.3301,99.27367,100.04,99.16212,100.6302,99.35693,101.5531,98.68635,98.94004,97.53937,99.64161,97.84756,100.2225,99.56341
2013/3,100.2005,99.44967,99.95504,100.0043,99.81881,99.44819,99.69424,98.38725,99.67975,99.22237,98.99662,98.84279,99.8595,99.17278,98.79014,99.16402,98.7067,100.3722,98.17591,99.01148,97.84088,99.22656,98.46317,100.6375,100.1695,99.42619,99.73524,99.2229,100.7496,99.26294,101.5216,98.6321,98.35903,97.52364,99.71544,97.93762,100.3024,99.44044
2013/4,100.3075,99.47703,100.1819,100.251,99.94382,99.57788,99.79301,98.52164,99.7075,99.27766,99.06261,98.92912,99.81738,99.27311,98.74384,99.19399,98.74284,100.3924,98.4626,98.98914,98.00122,99.33955,98.58191,100.8272,100.0004,99.57067,99.43091,99.3101,100.8531,99.19239,101.3849,98.58363,97.85896,97.54624,99.7552,97.92403,100.3542,99.31886
2013/5,100.418,99.52998,100.4294,100.4843,100.0784,99.72368,99.89525,98.68454,99.75718,99.35915,99.17033,99.03738,99.77758,99.3874,98.74488,99.26526,98.77816,100.4084,98.61389,99.0059,98.18298,99.47292,98.61551,100.9104,99.83006,99.67867,99.19816,99.44304,100.9534,99.17395,101.1351,98.54227,97.53719,97.62648,99.76764,97.84474,100.396,99.2245
2013/6,100.504,99.6159,100.6893,100.6863,100.207,99.89234,99.99718,98.86618,99.84378,99.46828,99.31646,99.17153,99.72629,99.51814,98.8029,99.38383,98.83934,100.4149,98.60498,99.06644,98.38898,99.61463,98.63176,100.8918,99.66608,99.73248,99.07553,99.59418,101.0468,99.22384,100.7785,98.51033,97.43364,97.77707,99.76154,97.75329,100.4098,99.16434
2013/7,100.5544,99.72964,100.9515,100.865,100.3223,100.0782,100.0959,99.05307,99.96822,99.61079,99.50942,99.32995,99.75019,99.66,98.91328,99.53907,98.92562,100.4078,98.47463,99.19999,98.61543,99.74089,98.70303,100.7478,99.53197,99.72942,99.03239,99.72729,101.133,99.34022,100.3404,98.49164,97.63894,98.02533,99.74551,97.69997,100.3935,99.12905
2013/8,100.5802,99.85869,101.1895,101.024,100.4252,100.2776,100.1908,99.23885,100.1207,99.78818,99.7551,99.50896,99.83767,99.80945,99.0526,99.72758,99.02627,100.3865,98.34978,99.38406,98.85563,99.84682,98.89771,100.5243,99.44412,99.69717,99.02851,99.82909,101.1876,99.4994,99.90904,98.49099,98.0298,98.38502,99.72943,97.69232,100.337,99.11333
2013/9,100.5862,99.97737,101.3936,101.1656,100.5117,100.4633,100.2756,99.42292,100.2733,99.9817,100.0294,99.69193,99.95393,99.95432,99.19587,99.92279,99.14057,100.3487,98.28848,99.57584,99.10236,99.9335,99.21455,100.2572,99.38208,99.64714,99.01897,99.89536,101.2033,99.67652,99.55314,98.5088,98.41718,98.81654,99.70506,97.68374,100.236,99.10559
2013/10,100.5855,100.0642,101.5568,101.2737,100.5786,100.612,100.3462,99.58393,100.3969,100.1769,100.3005,99.85864,100.0593,100.0768,99.31879,100.0977,99.27531,100.3037,98.27992,99.74251,99.34333,100.0207,99.63816,99.91267,99.30948,99.6053,98.98251,99.94232,101.1843,99.84676,99.31055,98.54732,98.66123,99.27367,99.70314,97.71643,100.1059,99.11131
2013/11,100.5917,100.1139,101.6915,101.3348,100.6301,100.7201,100.3993,99.72626,100.4785,100.3478,100.5322,100.0018,100.1169,100.172,99.40571,100.2256,99.40442,100.2611,98.34976,99.86095,99.57629,100.1271,100.1339,99.49376,99.21973,99.5807,98.93391,99.981,101.1327,100.0037,99.1889,98.60522,98.76141,99.71059,99.70916,97.83384,99.93443,99.13522
2013/12,100.594,100.1316,101.8049,101.3281,100.658,100.7814,100.4284,99.84936,100.5037,100.4807,100.6912,100.1154,100.0954,100.2426,99.45888,100.2934,99.4872,100.2275,98.52275,99.93462,99.79903,100.2249,100.6398,99.0947,99.10954,99.57375,98.90539,100.0206,101.0436,100.1567,99.15089,98.67999,98.74449,100.0749,99.73782,98.04082,99.79091,99.18205
2014/1,100.5955,100.1423,101.8976,101.2435,100.6647,100.7988,100.4383,99.96661,100.4837,100.5767,100.7627,100.1992,100.017,100.2973,99.47448,100.3033,99.50481,100.2091,98.79932,100.0061,100.0072,100.2891,101.0677,98.84411,98.97853,99.57323,98.91914,100.0527,100.9179,100.3118,99.19059,98.7728,98.68262,100.3334,99.7977,98.31458,99.73633,99.23109
2014/2,100.623,100.1671,101.9637,101.0901,100.6639,100.7649,100.4423,100.0756,100.4365,100.6393,100.7458,100.2446,99.89567,100.3363,99.45391,100.2731,99.46808,100.2059,99.15511,100.0292,100.1917,100.3067,101.3165,98.84126,98.84435,99.56039,98.98685,100.0612,100.7785,100.487,99.28521,98.8829,98.59661,100.4801,99.83849,98.58762,99.78806,99.25469
2014/3,100.6752,100.2048,102.0042,100.8941,100.6602,100.6836,100.4446,100.1757,100.3636,100.6708,100.6644,100.2553,99.76779,100.3617,99.40718,100.2171,99.4103,100.2244,99.54312,99.98845,100.3516,100.2805,101.3771,99.06293,98.72066,99.52979,99.08533,100.0236,100.6488,100.6821,99.41361,99.0086,98.52634,100.5182,99.82098,98.90522,99.84295,99.24416
2014/4,100.7357,100.2508,102.0083,100.6594,100.6454,100.5666,100.4375,100.2426,100.267,100.6726,100.5446,100.2333,99.6677,100.3674,99.34087,100.1421,99.355,100.2703,99.90255,99.89612,100.489,100.2187,101.2671,99.39523,98.61459,99.48283,99.18472,99.97588,100.533,100.8847,99.54599,99.14729,98.54845,100.4768,99.75815,99.28474,99.85387,99.19826
2014/5,100.7876,100.3016,101.9698,100.4359,100.6176,100.4209,100.4205,100.25,100.1574,100.6543,100.403,100.1824,99.61481,100.3489,99.26643,100.0375,99.31477,100.3471,100.1917,99.77052,100.6095,100.1403,101.0565,99.72417,98.53858,99.43475,99.24149,99.96085,100.4346,101.0637,99.67454,99.29321,98.69549,100.4038,99.67846,99.71835,99.80172,99.13078
2014/6,100.827,100.3493,101.8919,100.2566,100.5823,100.2602,100.4006,100.1943,100.0323,100.6222,100.2467,100.1152,99.62891,100.31,99.2038,99.92941,99.29887,100.4516,100.4149,99.69086,100.722,100.0494,100.8303,99.96451,98.50983,99.41096,99.2546,99.99009,100.3563,101.1622,99.78572,99.43862,99.02478,100.3595,99.61559,100.1287,99.67428,99.04903
2014/7,100.8522,100.3833,101.7862,100.1263,100.543,100.096,100.383,100.095,99.89687,100.582,100.0944,100.044,99.72044,100.2596,99.16404,99.85912,99.30318,100.565,100.5453,99.73741,100.8341,99.94266,100.6365,100.1007,98.51455,99.43623,99.2374,100.061,100.2953,101.1302,99.86835,99.57869,99.42589,100.3673,99.58997,100.4747,99.53426,98.97524
2014/8,100.8682,100.3896,101.6676,100.045,100.5061,99.93913,100.3698,99.97765,99.76665,100.5466,99.95525,99.98035,99.85526,100.2096,99.15668,99.8216,99.32921,100.6698,100.5616,99.86505,100.9576,99.81909,100.5133,100.179,98.50954,99.52317,99.21365,100.1423,100.2376,100.956,99.92048,99.70825,99.74639,100.4452,99.64249,100.7098,99.41101,98.92911
2014/9,100.873,100.3573,101.5476,100.0029,100.4752,99.80888,100.3664,99.88305,99.64044,100.5271,99.83911,99.94136,100.0029,100.1752,99.19502,99.81838,99.36509,100.7469,100.512,100.0505,101.0946,99.70541,100.4584,100.2445,98.46375,99.66445,99.2167,100.2195,100.1744,100.6546,99.9481,99.82228,99.87315,100.5908,99.73676,100.8505,99.34794,98.91662
2014/10,100.8594,100.2857,101.4432,99.99033,100.4484,99.72107,100.366,99.82162,99.52245,100.5242,99.74979,99.93402,100.1744,100.1588,99.27329,99.85827,99.41493,100.7807,100.4906,100.2841,101.2404,99.64471,100.4385,100.2648,98.34798,99.84698,99.26209,100.2621,100.1117,100.2654,99.96035,99.92031,99.80103,100.7657,99.79631,100.9268,99.35065,98.93846
2014/11,100.829,100.1866,101.3569,100.0062,100.4276,99.67796,100.3653,99.80812,99.41109,100.5299,99.69988,99.95734,100.359,100.1563,99.3812,99.91152,99.45937,100.7666,100.4598,100.5834,101.3882,99.63203,100.4249,100.225,98.15396,100.0483,99.33136,100.2638,100.0583,99.85046,99.95159,100.0013,99.52669,100.9294,99.8028,101.0052,99.42655,98.99245
2014/12,100.7756,100.0667,101.2905,100.0368,100.4068,99.67473,100.3631,99.85125,99.30487,100.5369,99.7127,100.0066,100.5089,100.166,99.50089,99.97179,99.48572,100.7066,100.3723,100.9407,101.5354,99.65618,100.41,100.1343,97.88906,100.2263,99.40907,100.2471,100.0136,99.48252,99.91892,100.0631,99.07211,101.0309,99.78764,101.1245,99.58089,99.06581
2015/1,100.6985,99.92628,101.2444,100.0837,100.383,99.70367,100.3602,99.93999,99.2122,100.5449,99.78143,100.0727,100.6266,100.185,99.61386,100.0454,99.48418,100.6254,100.2272,101.359,101.6666,99.71165,100.4089,100.0005,97.58124,100.3505,99.49918,100.2538,99.98374,99.22858,99.8532,100.1076,98.69464,101.0325,99.77015,101.2768,99.75233,99.15651
2015/2,100.6013,99.78626,101.2106,100.1465,100.3529,99.75378,100.3494,100.0492,99.15454,100.5606,99.89007,100.1406,100.6935,100.2037,99.69248,100.1133,99.46312,100.5527,100.0154,101.8118,101.7612,99.78232,100.4474,99.81644,97.2597,100.4245,99.60593,100.3124,99.97686,99.10983,99.73281,100.1341,98.51871,100.9553,99.76428,101.4225,99.8648,99.25986
2015/3,100.495,99.66721,101.1783,100.2143,100.3188,99.8191,100.3266,100.1507,99.14815,100.5867,100.0091,100.2005,100.6561,100.2185,99.73995,100.1791,99.43444,100.4977,99.73725,102.2008,101.8079,99.85767,100.5159,99.5923,96.95431,100.4539,99.70747,100.4268,100.0083,99.07664,99.52347,100.1452,98.59048,100.8388,99.78024,101.5841,99.8979,99.37303
2015/4,100.3848,99.5703,101.1382,100.2883,100.2819,99.88676,100.2903,100.2294,99.18491,100.6157,100.0957,100.2459,100.5365,100.2239,99.77249,100.2366,99.41428,100.451,99.4437,102.4638,101.8037,99.91919,100.5942,99.35355,96.70211,100.4464,99.77303,100.5504,100.0366,99.07939,99.23146,100.1447,98.76435,100.722,99.78954,101.74,99.83493,99.49806
2015/5,100.267,99.49079,101.0891,100.3473,100.2363,99.94283,100.2403,100.2795,99.25154,100.6374,100.1297,100.276,100.3739,100.2187,99.8054,100.27,99.41264,100.3985,99.24333,102.5922,101.7573,99.97551,100.6506,99.11266,96.51176,100.4133,99.78592,100.65,100.0291,99.05363,98.90237,100.135,98.97639,100.6473,99.77074,101.8703,99.64672,99.64461
2015/6,100.1393,99.40854,101.0318,100.3705,100.1789,99.98088,100.179,100.3208,99.32731,100.6439,100.1244,100.2999,100.224,100.2111,99.8576,100.2853,99.43342,100.3296,99.18663,102.6192,101.6883,100.055,100.653,98.89191,96.38082,100.3729,99.78172,100.7215,99.97715,98.96069,98.5691,100.1167,99.26662,100.6353,99.71202,101.9873,99.37068,99.80746
2015/7,99.98041,99.30598,100.9562,100.3451,100.0962,99.99561,100.1033,100.3708,99.40068,100.6288,100.0937,100.3224,100.1099,100.2112,99.92677,100.2707,99.48763,100.2552,99.30492,102.5765,101.6212,100.1544,100.6028,98.77792,96.3099,100.3571,99.77324,100.7818,99.87832,98.7981,98.26031,100.0907,99.65575,100.6795,99.61763,102.0723,99.03652,99.97137
2015/8,99.79984,99.1837,100.8649,100.2828,99.99454,99.98103,100.021,100.4446,99.45598,100.5939,100.043,100.3451,100.0036,100.2157,100.0052,100.2126,99.5696,100.1885,99.66996,102.4504,101.5711,100.2617,100.5182,98.72913,96.28854,100.3659,99.76988,100.8437,99.75872,98.59638,97.99728,100.0575,100.0407,100.7521,99.49006,102.0959,98.77862,100.1227
2015/9,99.62453,99.05739,100.7626,100.1902,99.88961,99.93617,99.94774,100.5555,99.49197,100.5432,100.0072,100.3697,99.91794,100.2239,100.0897,100.1273,99.65829,100.1388,100.1819,102.2621,101.5375,100.3766,100.4389,98.72488,96.31303,100.3956,99.78043,100.9106,99.65224,98.39114,97.80787,100.0174,100.3641,100.8198,99.33752,102.0542,98.6703,100.2535
2015/10,99.48101,98.9421,100.66,100.0802,99.79562,99.86858,99.88763,100.6654,99.5072,100.4806,100.0074,100.3875,99.88712,100.2292,100.1701,100.0274,99.73526,100.1015,100.7682,102.0355,101.5077,100.4891,100.3603,98.74089,96.36503,100.423,99.77936,100.9876,99.58062,98.19883,97.72577,99.96977,100.6179,100.8585,99.20586,101.9519,98.67151,100.3608
2015/11,99.36059,98.84364,100.5554,99.96559,99.70751,99.77932,99.82877,100.7328,99.50346,100.4055,100.0364,100.3858,99.85855,100.2143,100.2426,99.89806,99.7933,100.0605,101.3625,101.7576,101.4595,100.5801,100.2672,98.71194,96.408,100.4298,99.74835,101.0356,99.54821,98.03031,97.73775,99.91252,100.7294,100.8538,99.14882,101.794,98.75558,100.447
2015/12,99.25446,98.76491,100.446,99.8584,99.622,99.67299,99.76643,100.7498,99.47538,100.3105,100.0649,100.3577,99.84346,100.1673,100.2995,99.74158,99.81137,99.99965,101.8705,101.4274,101.3733,100.6204,100.2144,98.58068,96.44306,100.411,99.67937,101.0226,99.53944,97.91145,97.82851,99.8457,100.6618,100.8012,99.14804,101.5572,98.87778,100.5194
2016/1,99.16363,98.72475,100.3233,99.77351,99.54333,99.56214,99.70276,100.7324,99.42399,100.2063,100.0596,100.3032,99.84547,100.0895,100.3287,99.57826,99.77932,99.91711,102.1662,101.08,101.2395,100.6107,100.2192,98.35841,96.4929,100.386,99.60657,100.9557,99.55124,97.8814,97.97932,99.76885,100.4333,100.715,99.18337,101.2266,99.01365,100.5925
2016/2,99.09712,98.74374,100.1982,99.71135,99.47847,99.46583,99.64332,100.6853,99.36256,100.1117,100.0526,100.2261,99.89094,99.99703,100.3101,99.43499,99.68723,99.8241,102.2174,100.6862,101.0717,100.5525,100.2405,98.17516,96.60204,100.3792,99.55278,100.8393,99.59426,97.96516,98.15338,99.6823,100.237,100.6043,99.24276,100.8159,99.09402,100.6672
2016/3,99.06361,98.82581,100.0912,99.66502,99.43672,99.40988,99.60366,100.6188,99.31402,100.0476,100.0733,100.1469,99.98199,99.91971,100.2516,99.34684,99.56852,99.73882,102.0792,100.2673,100.8872,100.4881,100.2731,98.14243,96.79152,100.4011,99.51889,100.7081,99.67215,98.15376,98.31159,99.58706,100.18,100.4951,99.31727,100.4077,99.07049,100.7425
2016/4,99.05112,98.95141,100.0109,99.63416,99.41459,99.39622,99.58559,100.5446,99.29317,100.0161,100.1164,100.079,100.0674,99.8721,100.1785,99.33454,99.44904,99.66833,101.8198,99.86643,100.7063,100.4387,100.3098,98.27751,97.06558,100.449,99.4876,100.6359,99.75925,98.40559,98.45774,99.48303,100.3006,100.3917,99.37155,100.0615,98.97205,100.8184
2016/5,99.04971,99.10422,99.96935,99.6161,99.40777,99.42408,99.58575,100.4589,99.30693,100.0082,100.169,100.0279,100.1497,99.85691,100.1073,99.36774,99.35116,99.61423,101.5296,99.52622,100.5382,100.4358,100.3198,98.55106,97.41558,100.523,99.43738,100.6403,99.85484,98.67962,98.60547,99.37048,100.6076,100.2785,99.424,99.81792,98.85218,100.8811
2016/6,99.05263,99.27012,99.97688,99.62069,99.4156,99.48412,99.60295,100.3758,99.34902,100.0158,100.2313,100.002,100.2075,99.87228,100.0562,99.42804,99.28593,99.57912,101.3322,99.31207,100.3934,100.4928,100.3111,98.89299,97.82285,100.6278,99.35977,100.6805,99.95904,98.94689,98.77253,99.25205,101.0746,100.1394,99.4584,99.714,98.73444,100.9437
2016/7,99.07051,99.43857,100.0426,99.65278,99.44427,99.57034,99.63792,100.2882,99.41461,100.0291,100.2982,100.0027,100.2758,99.91354,100.0393,99.50185,99.26791,99.5675,101.2286,99.28421,100.2838,100.6154,100.2867,99.23734,98.24507,100.7622,99.26304,100.7148,100.0693,99.19427,98.97134,99.13108,101.6514,100.0053,99.47208,99.74419,98.63607,101.0243
2016/8,99.11352,99.60223,100.1734,99.70576,99.49876,99.67541,99.69508,100.2143,99.50948,100.0546,100.3669,100.0296,100.3092,99.98177,100.0615,99.59445,99.29892,99.5797,101.1058,99.40365,100.2214,100.7804,100.2487,99.58292,98.62385,100.9175,99.1864,100.7297,100.1725,99.42981,99.15704,99.01204,102.1914,99.91998,99.46886,99.87599,98.58353,101.1364
2016/9,99.19479,99.76752,100.336,99.78363,99.58502,99.80174,99.77799,100.1665,99.63259,100.1106,100.4387,100.0838,100.2839,100.0752,100.1229,99.71729,99.39616,99.6076,100.9259,99.63622,100.2028,100.9613,100.2128,99.91705,98.92668,101.0697,99.18009,100.7428,100.266,99.66013,99.31677,98.90128,102.5154,99.91072,99.48299,100.1147,98.56116,101.2854
2016/10,99.31316,99.93869,100.4892,99.88113,99.69667,99.93051,99.8801,100.161,99.77911,100.1921,100.5032,100.1558,100.2499,100.1765,100.2078,99.86047,99.54816,99.63732,100.7048,99.94382,100.2137,101.1313,100.2024,100.1802,99.12482,101.2043,99.26682,100.7553,100.3549,99.88725,99.46198,98.80614,102.6087,99.96472,99.52154,100.4388,98.51574,101.4547
2016/11,99.46076,100.1207,100.6189,99.97897,99.823,100.0453,99.99365,100.1851,99.94112,100.2898,100.55,100.2327,100.2274,100.275,100.3062,100.0039,99.72642,99.6534,100.4264,100.3009,100.2352,101.2896,100.2324,100.3713,99.23772,101.3343,99.43896,100.7711,100.4462,100.1023,99.58543,98.73415,102.5136,100.0618,99.58747,100.8101,98.43481,101.6184
2016/12,99.61336,100.2941,100.7252,100.068,99.94939,100.1624,100.1029,100.2207,100.1097,100.4004,100.5703,100.3118,100.2382,100.368,100.4044,100.1425,99.90431,99.64838,100.1293,100.6589,100.2557,101.4479,100.3013,100.4941,99.31048,101.4669,99.66186,100.7899,100.5221,100.2955,99.7075,98.69257,102.2985,100.1787,99.67031,101.1624,98.29247,101.7458
2017/1,99.73594,100.4351,100.8001,100.137,100.0532,100.2802,100.1926,100.2482,100.2772,100.5122,100.5458,100.3873,100.2534,100.4512,100.4952,100.246,100.0717,99.61902,99.91236,100.9844,100.2758,101.5778,100.3957,100.6134,99.3868,101.5973,99.87366,100.7738,100.5877,100.4326,99.85388,98.68617,102.0781,100.2775,99.75494,101.4218,98.12132,101.8229
2017/2,99.81715,100.5373,100.8462,100.1919,100.1296,100.4061,100.2626,100.2657,100.436,100.6158,100.4907,100.4605,100.2628,100.5319,100.571,100.2983,100.2273,99.55901,99.82845,101.2147,100.2996,101.6808,100.5093,100.8161,99.47755,101.7082,100.0432,100.7224,100.6642,100.4991,100.03,98.7169,101.9059,100.3501,99.83291,101.5415,98.01579,101.8523
2017/3,99.86115,100.6015,100.8677,100.2579,100.1859,100.5431,100.319,100.281,100.5843,100.7047,100.4191,100.5351,100.2691,100.6137,100.6388,100.3105,100.3546,99.49147,99.8224,101.3305,100.3333,101.7746,100.6621,101.1065,99.58723,101.7846,100.1656,100.6482,100.7566,100.5035,100.2492,98.78326,101.8185,100.4048,99.87861,101.5447,98.11726,101.8305
2017/4,99.88291,100.6423,100.8713,100.3234,100.2311,100.69,100.3698,100.3132,100.722,100.7749,100.3477,100.6177,100.2771,100.7017,100.7139,100.3018,100.4507,99.45164,99.87413,101.346,100.3776,101.877,100.8603,101.4759,99.72227,101.8177,100.25,100.5588,100.8505,100.468,100.4935,98.88167,101.8403,100.4499,99.86978,101.4572,98.49229,101.7635
2017/5,99.9046,100.6742,100.8842,100.3798,100.2787,100.8427,100.424,100.3833,100.8515,100.8276,100.2962,100.7105,100.2606,100.8051,100.7956,100.2982,100.5191,99.46543,99.94738,101.2866,100.4285,101.9949,101.0938,101.9585,99.90181,101.807,100.3021,100.4559,100.9382,100.4166,100.7225,99.00764,102.0605,100.4781,99.82014,101.3354,99.03432,101.6791
2017/6,99.93652,100.7055,100.8997,100.4241,100.3334,101.0064,100.4845,100.5008,100.9734,100.8751,100.299,100.8151,100.2329,100.928,100.8708,100.3209,100.5621,99.54379,100.0157,101.2175,100.4823,102.1198,101.3247,102.557,100.1376,101.7642,100.3383,100.3744,100.9953,100.383,100.9143,99.15664,102.3975,100.4862,99.76366,101.2485,99.6374,101.6105
2017/7,99.97963,100.7459,100.9086,100.456,100.3934,101.1694,100.5501,100.6664,101.0915,100.9218,100.3539,100.9252,100.2001,101.0577,100.9293,100.3561,100.5804,99.67917,100.0427,101.1836,100.5429,102.2401,101.4955,103.171,100.4513,101.6891,100.368,100.3328,100.9977,100.4003,101.0523,99.32388,102.7297,100.4915,99.7431,101.2293,100.2544,101.5658
2017/8,100.0526,100.8012,100.8963,100.4762,100.4645,101.316,100.621,100.8608,101.2051,100.9717,100.463,101.0311,100.1857,101.1731,100.969,100.3869,100.5848,99.85094,100.011,101.1619,100.6116,102.3504,101.551,103.6541,100.8282,101.5841,100.4012,100.3277,100.9354,100.4748,101.0532,99.50335,103.0477,100.5127,99.80746,101.308,100.8222,101.5459
2017/9,100.1466,100.8556,100.8531,100.4927,100.5395,101.4379,100.6873,101.0475,101.3252,101.0307,100.6194,101.1255,100.1758,101.2613,100.9982,100.4377,100.591,100.0353,99.93381,101.1343,100.6855,102.4537,101.4862,103.9338,101.2302,101.4508,100.4221,100.349,100.8045,100.5942,100.898,99.68928,103.2761,100.5549,99.908,101.4792,101.2853,101.5489
2017/10,100.249,100.9021,100.7813,100.5077,100.6095,101.5237,100.743,101.2082,101.4459,101.0907,100.7774,101.1981,100.1684,101.3115,101.0136,100.4984,100.5954,100.2113,99.8456,101.0669,100.7533,102.5339,101.3466,103.9929,101.6022,101.2892,100.4212,100.3695,100.6269,100.7415,100.637,99.87681,103.3218,100.6127,100.0649,101.6847,101.6648,101.567
2017/11,100.349,100.9285,100.6953,100.522,100.6674,101.5633,100.7809,101.3236,101.5534,101.1421,100.9025,101.2397,100.1313,101.323,101.0113,100.5479,100.5818,100.356,99.77703,100.9573,100.8008,102.589,101.1849,103.8809,101.9075,101.0919,100.4143,100.3844,100.4289,100.9027,100.3315,100.0612,103.2034,100.6708,100.2349,101.855,101.9706,101.5888
2017/12,100.4495,100.915,100.6134,100.5233,100.7114,101.5546,100.798,101.3755,101.6329,101.1767,100.9666,101.2426,100.0371,101.2979,100.9825,100.5775,100.5486,100.4523,99.74298,100.8074,100.8167,102.6157,101.0372,103.6521,102.1429,100.8739,100.422,100.403,100.2131,101.0555,100.0079,100.2373,102.9087,100.7188,100.3898,101.9431,102.2272,101.6114
2018/1,100.5548,100.8495,100.5409,100.5123,100.7418,101.4963,100.7975,101.3471,101.6769,101.1896,100.9677,101.2003,99.90721,101.2364,100.9195,100.5744,100.5133,100.5036,99.68597,100.6221,100.7979,102.5934,100.9311,103.3464,102.3095,100.6779,100.4374,100.4357,100.001,101.1824,99.67142,100.4004,102.4726,100.7269,100.5152,101.9397,102.4303,101.6085
2018/2,100.6543,100.7572,100.4696,100.5051,100.7595,101.4048,100.7797,101.2611,101.6877,101.1772,100.9081,101.1208,99.76454,101.1357,100.823,100.5511,100.4894,100.514,99.5989,100.3719,100.7444,102.526,100.8791,102.8963,102.39,100.5173,100.4513,100.4736,99.80871,101.2624,99.30115,100.5463,101.9444,100.6988,100.6183,101.8488,102.5263,101.5624
2018/3,100.715,100.6636,100.394,100.4921,100.7509,101.2933,100.7325,101.1409,101.6726,101.1417,100.8089,101.0168,99.66316,100.999,100.7078,100.5317,100.4759,100.4943,99.4777,100.0603,100.6674,102.4043,100.8718,102.26,102.3718,100.381,100.459,100.4819,99.65982,101.3029,99.08523,100.6719,101.3932,100.6533,100.6797,101.6718,102.4796,101.467
2018/4,100.7312,100.5792,100.3164,100.4888,100.7207,101.1826,100.6588,101.0049,101.6401,101.0889,100.7125,100.9063,99.62849,100.839,100.5917,100.5348,100.4677,100.4566,99.36005,99.72935,100.5824,102.2324,100.8502,101.4356,102.2618,100.2721,100.4765,100.4622,99.53399,101.314,98.87014,100.7748,100.9819,100.6099,100.6802,101.4522,102.3375,101.3294
2018/5,100.7164,100.5124,100.228,100.4902,100.6775,101.0946,100.5733,100.868,101.5974,101.0234,100.6355,100.8009,99.67065,100.6656,100.4707,100.5429,100.4425,100.414,99.24197,99.41624,100.4937,102.03,100.8428,100.457,102.087,100.1804,100.5094,100.4282,99.41935,101.2962,98.67071,100.852,100.7109,100.5957,100.646,101.2157,102.1448,101.1662
2018/6,100.6845,100.4448,100.1039,100.4851,100.6239,101.031,100.4778,100.7364,101.5498,100.9408,100.5564,100.699,99.73663,100.4786,100.3339,100.5155,100.3931,100.3637,99.13737,99.11884,100.3976,101.805,100.8622,99.37446,101.8965,100.0932,100.5525,100.3769,99.2943,101.2396,98.49208,100.9021,100.5801,100.6192,100.5834,100.9577,101.9373,100.9943
2018/7,100.636,100.3571,99.94198,100.4809,100.5586,100.9869,100.3718,100.6061,101.4978,100.8443,100.4653,100.595,99.78934,100.2752,100.1704,100.4697,100.3283,100.3024,99.0403,98.85733,100.2935,101.5691,100.846,98.2057,101.741,100.0201,100.5744,100.2896,99.16025,101.1443,98.34937,100.9249,100.451,100.6928,100.4981,100.6846,101.7266,100.8123
2018/8,100.5622,100.2408,99.74986,100.4787,100.4748,100.9355,100.2531,100.4808,101.4365,100.7358,100.3575,100.4815,99.79214,100.0607,99.97929,100.4264,100.2262,100.234,98.93123,98.64191,100.1915,101.3256,100.7332,97.04129,101.6343,99.96234,100.5615,100.1863,99.02377,101.009,98.25056,100.9217,100.2717,100.8008,100.4009,100.421,101.4923,100.627
2018/9,100.4413,100.0875,99.55246,100.4751,100.3622,100.8536,100.122,100.3609,101.3475,100.6175,100.2309,100.3606,99.73505,99.86215,99.78971,100.4072,100.0868,100.1597,98.86946,98.4968,100.1063,101.0612,100.5057,96.11736,101.5864,99.90861,100.517,100.0865,98.89851,100.8375,98.22578,100.8946,100.1681,100.9053,100.3019,100.2062,101.2692,100.4364
2018/10,100.2675,99.90135,99.37518,100.4512,100.2182,100.7243,99.98412,100.2482,101.2153,100.4938,100.1003,100.2376,99.63721,99.70277,99.63515,100.4204,99.91876,100.08,98.89268,98.43784,100.0456,100.7707,100.2042,95.60242,101.6189,99.85188,100.4643,100.0155,98.79514,100.6257,98.30606,100.8473,100.1204,100.9565,100.2157,100.0956,101.0621,100.2373
2018/11,100.0631,99.70182,99.22205,100.3992,100.0555,100.5588,99.85016,100.137,101.0395,100.3751,99.99249,100.1183,99.54818,99.58781,99.52395,100.4406,99.74107,100.0044,99.00242,98.45388,100.0033,100.4824,99.87902,95.50991,101.7153,99.79728,100.4251,99.96897,98.71537,100.4019,98.49098,100.7842,100.1801,100.9247,100.1242,100.0782,100.8285,100.0296
2018/12,99.84729,99.516,99.105,100.3217,99.88603,100.3581,99.72179,100.0194,100.8259,100.2659,99.90513,99.9992,99.5174,99.49998,99.45914,100.4283,99.56934,99.93816,99.10997,98.53226,99.9677,100.2195,99.55248,95.66302,101.839,99.75032,100.4046,99.92999,98.65546,100.2249,98.71537,100.7099,100.2438,100.818,100.0104,100.0842,100.56,99.81423
2019/1,99.64684,99.37976,99.03536,100.2369,99.72979,100.1385,99.60826,99.88313,100.5953,100.171,99.85876,99.88608,99.57614,99.43456,99.44667,100.394,99.41629,99.88826,99.17922,98.68111,99.93412,100.0043,99.26363,95.94644,101.958,99.7062,100.3902,99.90186,98.62708,100.1325,98.91766,100.6281,100.4092,100.665,99.90176,100.0419,100.326,99.59359
2019/2,99.47457,99.29125,99.00627,100.159,99.59576,99.92125,99.51408,99.747,100.3663,100.098,99.83869,99.78222,99.6869,99.38956,99.45831,100.3281,99.30187,99.85419,99.22549,98.86126,99.8922,99.8212,99.0497,96.30825,102.032,99.65663,100.3669,99.87142,98.62957,100.1094,99.06878,100.5423,100.528,100.4954,99.81499,99.91807,100.1329,99.37089
2019/3,99.33118,99.2384,98.99735,100.0926,99.48324,99.71005,99.43948,99.63224,100.1497,100.0357,99.82335,99.68561,99.79803,99.35435,99.47398,100.2244,99.22372,99.82685,99.25787,99.0546,99.83415,99.66352,98.94752,96.70531,102.0635,99.58681,100.3227,99.82632,98.66801,100.1269,99.18364,100.4551,100.5026,100.2974,99.74458,99.73841,100.011,99.13148
2019/4,99.20081,99.19861,99.00397,100.0287,99.38215,99.50656,99.37555,99.54922,99.95453,99.97643,99.79877,99.59572,99.91137,99.32426,99.49132,100.0782,99.17207,99.79523,99.30201,99.21098,99.75459,99.53222,98.94367,97.10644,102.0938,99.49569,100.2541,99.75829,98.71975,100.1542,99.26641,100.3692,100.3893,100.0768,99.68388,99.5267,99.93966,98.88525
2019/5,99.08323,99.16849,99.01691,99.96157,99.29119,99.31334,99.31454,99.48953,99.77882,99.91528,99.76213,99.51306,100.0246,99.30008,99.51847,99.92062,99.11344,99.75658,99.3915,99.29279,99.66198,99.43274,98.99714,97.52861,102.1608,99.41,100.1646,99.67377,98.77863,100.1621,99.3299,100.2847,100.2164,99.83631,99.61874,99.29027,99.88264,98.66594
2019/6,98.98247,99.13708,99.03315,99.88453,99.20986,99.13184,99.26128,99.43812,99.6161,99.85585,99.71436,99.43683,100.1199,99.28806,99.55371,99.77848,99.04104,99.71555,99.52919,99.36455,99.55818,99.34866,99.08783,98.0404,102.2882,99.34946,100.0604,99.57627,98.8507,100.1466,99.40119,100.2018,99.9696,99.59962,99.53927,99.03583,99.85141,98.48895
2019/7,98.90369,99.10054,99.06026,99.80785,99.14514,98.98357,99.22442,99.40149,99.48233,99.8052,99.66333,99.37583,100.1628,99.29617,99.59565,99.66598,98.94761,99.67055,99.68668,99.46854,99.4463,99.27348,99.1951,98.64124,102.4648,99.31085,99.96547,99.48383,98.93407,100.1206,99.49883,100.1215,99.63494,99.37777,99.44389,98.79952,99.82414,98.35951
